{
  "features": {
    "PC1": 5.143220803,
    "PC2": -1.379200437,
    "PC3": 4.160624264,
    "PC4": 0.923526908,
    "PC5": 1.633538697,
    "PC6": -0.016542419,
    "PC7": 0.814873618,
    "PC8": -0.126753867,
    "PC9": 0.856313388,
    "PC10": -0.762276306,
    "PC11": 0.75965986,
    "PC12": 0.200646872,
    "PC13": -0.888052341
  }
}